name	description	organism	genome	scientificName	sourceName
hg38	Dec. 2013 (GRCh38/hg38)	Human	Human	Homo sapiens	GRCh38 Genome Reference Consortium Human Reference 38 (GCA_000001405.2)
balAcu1	Oct. 2013 (BalAcu1.0/balAcu1)	Minke whale	Minke whale	Balaenoptera acutorostrata scammoni	Korea Ocean Research & Development Institute
calMil1	Dec. 2013 (Callorhinchus_milii-6.1.3/calMil1)	Elephant shark	Elephant shark	Callorhinchus milii	Institute of Molecular and Cell Biology, Singapore
rn6	Jul. 2014 (RGSC 6.0/rn6)	Rat	Rat	Rattus norvegicus	RGSC Rnor_6.0
sorAra2	Aug. 2008 (Broad/sorAra2)	Shrew	Shrew	Sorex araneus	Broad Institute SorAra2.0
taeGut2	Feb. 2013 (WashU taeGut324/taeGut2)	Zebra finch	Zebra finch	Taeniopygia guttata	Washington University School of Medicine
takFla1	May 2013 (version 1 of Takifugu flavidus genome/takFla1)	Tawny puffer fish	Yellowbelly pufferfish	Takifugu flavidus	IOCAS GCA_000400755.1
tupChi1	Jan 2013 (TupChi_1.0/tupChi1)	Chinese tree shrew	Chinese tree shrew	Tupaia chinensis	BGI GCA_000334495.1
pteAle1	Aug 2012 (ASM32557v1/pteAle1)	Black flying-fox	Black flying-fox	Pteropus alecto	BGI GCA_000325575.1
punNye1	Oct 2011 (PunNye1.0/punNye1)	Pundamilia nyererei	Pundamilia nyererei	Pundamilia nyererei	Broad Institute of MIT and Harvard GCA_000239375.1
vicPac2	Mar. 2013 (Vicugna_pacos-2.0.1/vicPac2)	Alpaca	Alpaca	Vicugna pacos	Broad Institute
hg38Patch3	Apr. 2015	GRCh38.p3	GRCh38.p3	Homo sapiens	GRCh38 patch 2 Genome Reference Consortium Human Reference 38
felCat8	Nov. 2014 (ICGSC Felis_catus_8.0/felCat8)	Cat	Cat	Felis catus	International Cat Genome Sequencing Consortium
amaVit1	Jan. 2013 (AV1/amaVit1)	Parrot	Parrot	Amazona vittata	Puerto Rican Parrot Genome Project AV1
anaPla1	Apr 2013 (BGI_duck_1.0/anaPla1)	Mallard duck	Mallard duck	Anas platyrhynchos	State Key Laboratory for Agrobiotechnology, China Agricultural University, Beijing GCA_000355885.1
apaSpi1	May 2013 (ASM38561v1/apaSpi1)	Spiny softshell turtle	Spiny softshell turtle	Apalone spinifera	WUGSC GCA_000385615.1
araMac1	Jun 2013 (SMACv1.1/araMac1)	Scarlet Macaw	Scarlet macaw	Ara macao	Texas A&M University GCA_000400695.1
astMex1	Apr 2013 (Astyanax_mexicanus-1.0.2/astMex1)	Mexican tetra (cavefish)	Mexican tetra (cavefish)	Astyanax mexicanus	Aquatic Genome Models GCA_000372685.1
camFer1	Dec 2011 (CB1/camFer1)	Bactrian camel	Bactrian camel	Camelus ferus	The Bactrian Camels Genome Sequencing and Analysis Consortium GCA_000311805.1
capHir1	May 2012 (CHIR_1.0/capHir1)	Domestic goat	Domestic goat	Capra hircus	International Goat Genome Consortium GCA_000317765.1
cheMyd1	Mar 2013 (CheMyd_1.0/cheMyd1)	Green seaturtle	Green seaturtle	Chelonia mydas	BGI GCA_000344595.1
chiLan1	May 2012  (ChiLan1.0/chiLan1)	Chinchilla	Chinchilla	Chinchilla lanigera	Broad Institute
chlSab1	Jun 2013 (Chlorocebus_sabeus 1.0/chlSab1)	Green monkey	Green monkey	Chlorocebus sabaeus	Vervet Genomics Consortium GCA_000409795.1
chrAsi1	Aug 2012 (ChrAsi1.0/chrAsi1)	Cape golden mole	Cape golden mole	Chrysochloris asiatica	Broad Institute GCA_000296735.1
colLiv1	Feb 2013 (Cliv_1.0/colLiv1)	Rock pigeon	Rock pigeon	Columba livia	BGI GCA_000337935.1
conCri1	Mar 2012 (ConCri1.0/conCri1)	Star-nosed mole	Star-nosed mole	Condylura cristata	Broad Institute GCA_000260355.1
criGri1	Jul. 2013 (C_griseus_v1.0/criGri1)	Chinese hamster	Chinese hamster	Cricetulus griseus	Beijing Genomics Institution-Shenzhen
eleEdw1	Aug 2012 (EleEdw1.0/eleEdw1)	Cape elephant shrew	Cape elephant shrew	Elephantulus edwardii	Broad Institute GCA_000299155.1
eptFus1	Jul 2012 (EptFus1.0/eptFus1)	Big brown bat	Big brown bat	Eptesicus fuscus	Broad Institute GCA_000308155.1
eriEur2	May 2012 (EriEur2.0/eriEur2)	Hedgehog	Hedgehog	Erinaceus europaeus	Broad Institute EriEur2.0
falChe1	Feb 2013 (F_cherrug_v1.0/falChe1)	Saker falcon	Saker falcon	Falco cherrug	BGI GCA_000337975.1
falPer1	Feb 2013 (F_peregrinus_v1.0/falPer1)	Peregrine falcon	Peregrine falcon	Falco peregrinus	BGI GCA_000337955.1
ficAlb2	Jun 2013 (FicAlb1.5/ficAlb2)	Collared flycatcher	Collared flycatcher	Ficedula albicollis	Uppsala University GCA_000247815.2
hapBur1	Oct 2011 (AstBur1.0/hapBur1)	Burton's mouthbreeder	Burton's mouthbreeder	Haplochromis burtoni	Broad Institute of MIT and Harvard GCA_000239415.1
jacJac1	May 2012 (JacJac1.0/jacJac1)	Lesser Egyptian jerboa	Lesser Egyptian jerboa	Jaculus jaculus	Broad Institute GCA_000280705.1
lepOcu1	Dec 2011 (LepOcu1/lepOcu1)	Spotted gar	Spotted gar	Lepisosteus oculatus	Broad Institute of MIT and Harvard GCA_000242695.1
lepWed1	Mar 2013 (LepWed1.0/lepWed1)	Weddell seal	Weddell seal	Leptonychotes weddellii	Broad Institute GCA_000349705.1
macFas5	Jun 2013 (Macaca_fascicularis_5.0/macFas5)	Crab-eating macaque	Crab-eating macaque	Macaca fascicularis	Washington University (WashU) GCA_000364345.1
mayZeb1	Mar 2012 (MetZeb1.1/mayZeb1)	Zebra Mbuna	Zebra mbuna	Maylandia zebra	Broad Institute GCA_000238955.2
mesAur1	Mar 2013 (MesAur1.0/mesAur1)	Golden hamster	Golden hamster	Mesocricetus auratus	Broad Institute GCA_000349665.1
micOch1	Oct 2012 (MicOch1.0/micOch1)	Prairie vole	Prairie vole	Microtus ochrogaster	Broad Institute GCA_000317375.1
myoDav1	Aug 2012 (ASM32734v1/myoDav1)	David's myotis (bat)	David's myotis (bat)	Myotis davidii	BGI GCA_000327345.1
neoBri1	May 2011 (NeoBri1.0/neoBri1)	Princess of Burundi	Princess of Burundi	Neolamprologus brichardi	Broad Institute of MIT and Harvard GCA_000239395.1
ochPri3	May 2012 (OchPri3.0/ochPri3)	Pika	Pika	Ochotona princeps	Broad Institute
octDeg1	Apr 2012 (OctDeg1.0/octDeg1)	Brush-tailed rat	Brush-tailed rat	Octodon degus	Broad Institute GCA_000260255.1
odoRosDiv1	Jan 2013 (Oros_1.0/odoRosDiv1)	Pacific walrus	Pacific walrus	Odobenus rosmarus divergens	Marine mammals GCA_000321225.1
papAnu2	Mar. 2012 (Baylor Panu_2.0/papAnu2)	Baboon	Baboon	Papio anubis	Baylor College of Medicine
cerSim1	May 2012 (CerSimSim1.0/cerSim1)	White rhinoceros	White rhinoceros	Ceratotherium simum	Broad Institute
nomLeu3	Oct. 2012 (GGSC Nleu3.0/nomLeu3)	Gibbon	Gibbon	Nomascus leucogenys	Gibbon Genome Sequencing Consortium 
musFur1	Apr. 2011 (MusPutFur1.0/musFur1)	Ferret 	Ferret 	Mustela putorius furo	Ferret Genome Sequencing Consortium
allMis1	Aug. 2012 (allMis0.2/allMis1)	American alligator	American alligator	Alligator mississippiensis	International Crocodilian Genomes Working Group
echTel2	Nov. 2012 (Broad/echTel2)	Tenrec	Tenrec	Echinops telfairi	Broad/EchTel2.0
oviAri3	Aug. 2012 (ISGC Oar_v3.1/oviAri3)	Sheep	Sheep	Ovis aries	International Sheep Genome Consortium
bosTau7	Oct. 2011 (Baylor Btau_4.6.1/bosTau7)	Cow	Cow	Bos taurus	Btau_4.6.1 (NCBI project 12555, accession GCA_000003205.4)
chrPic1	Dec. 2011 (v3.0.1/chrPic1)	Painted turtle	Painted turtle	Chrysemys picta bellii	International Painted Turtle Genome Sequencing Consortium (GCA_000241765.1)
galGal4	Nov. 2011 (ICGSC Gallus_gallus-4.0/galGal4)	Chicken	Chicken	Gallus gallus	ICGSC Gallus_gallus-4.0 (GCA_000002315.2)
rn5	Mar. 2012 (RGSC 5.0/rn5)	Rat	Rat	Rattus norvegicus	RGSC Rnor_5.0 (GCA_000001895.3)
canFam3	Sep. 2011 (Broad CanFam3.1/canFam3)	Dog	Dog	Canis lupus familiaris	Broad CanFam3.1 (GCA_000002285.2)
sarHar1	Feb. 2011 (WTSI Devil_ref v7.0/sarHar1)	Tasmanian devil	Tasmanian devil	Sarcophilus harrisii	Wellcome Trust Sanger Institute Devil_ref v7.0 (GCA_000189315.1)
speTri2	Nov. 2011 (Broad/speTri2)	Squirrel	Squirrel	Spermophilus tridecemlineatus	Broad Institute (GCA_000236235.1)
melUnd1	Sep. 2011 (WUSTL v6.3/melUnd1)	Budgerigar	Budgerigar	Melopsittacus undulatus	WUSTL Melopsittacus undulatus Budgerigar Version 6.3 (GCA_000238935.1)
otoGar3	Mar. 2011 (Broad/otoGar3)	Bushbaby	Bushbaby	Otolemur garnettii	Broad Institute (GCA_000181295.3)
rheMac3	Oct. 2010 (BGI CR_1.0/rheMac3)	Rhesus	Rhesus	Macaca mulatta	Beijing Genomics Institute, Shenzhen (GCA_000230795.1)
panTro4	Feb. 2011 (CSAC 2.1.4/panTro4)	Chimp	Chimp	Pan troglodytes	CSAC Pan_troglodytes-2.1.4 (GCA_000001515.4)
saiBol1	Oct. 2011 (Broad/saiBol1)	Squirrel monkey	Squirrel monkey	Saimiri boliviensis	Broad SaiBol1.0 (GCA_000235385.1)
triMan1	Oct. 2011 (Broad v1.0/triMan1)	Manatee	Manatee	Trichechus manatus latirostris	Broad Institute of MIT and Harvard TriManLat1.0 (GCA_000243295.1)
oreNil2	Jan. 2011 (Broad oreNil1.1/oreNil2)	Nile tilapia	Nile tilapia	Oreochromis niloticus	Broad Institute of MIT and Harvard Orenil1.1 (GCA_000188235.1)
turTru2	Oct. 2011 (Baylor Ttru_1.4/turTru2)	Dolphin	Dolphin	Tursiops truncatus	Baylor College of Medicine Ttru_1.4 (NCBI project 20365, GCA_000151865.2, WGS ABRN02)
dasNov3	Dec. 2011 (Baylor/dasNov3)	Armadillo	Armadillo	Dasypus novemcinctus	Baylor College of Medicine Dasnov3.0 (GCA_000208655.2)
felCat5	Sep. 2011 (ICGSC Felis_catus 6.2/felCat5)	Cat	Cat	Felis catus	International Cat Genome Sequencing Consortium Felis_catus-6.2 (NCBI project 16726, accession AANG00000000.2, GCA_000181335.2)
susScr3	Aug. 2011 (SGSC Sscrofa10.2/susScr3)	Pig	Pig	Sus scrofa	SGSC Sscrofa10.2 (NCBI project 13421, GCA_000003025.4, WGS AEMK01)
hetGla2	Jan. 2012 (Broad HetGla_female_1.0/hetGla2)	Naked mole-rat	Naked mole-rat	Heterocephalus glaber	Broad Institute HetGla_female_1.0 (NCBI project 72441, GCA_000247695.1, WGS AHKG01)
nomLeu2	Jun. 2011 (GGSC Nleu1.1/nomLeu2)	Gibbon	Gibbon	Nomascus leucogenys	Gibbon Genome Sequencing Consortium Nleu1.1 (NCBI project 13975, GCA_000146795.2, WGS ADFV01)
hg19Patch9	Jul. 2012 (GRCh37.p9/hg19Patch9)	Grch37.p9	Grch37.p9	Homo sapiens	GRCh37 Patch 9 Genome Reference Consortium Human Reference 37
geoFor1	Apr. 2012 (GeoFor_1.0/geoFor1)	Medium ground finch	Medium ground finch	Geospiza fortis	Beijing Genomics Institute
dm6	Aug. 2014 (BDGP Release 6 + ISO1 MT/dm6)	D. melanogaster	D. melanogaster	Drosophila melanogaster	The FlyBase Consortium/Berkeley Drosophila Genome Project/Celera Genomics
mm10Patch1	Aug. 2012 (GRCm38.p1/mm10Patch1)	Grcm38.p1	GRCm38.p1	Mus musculus	GRCm38 Patch 1 Genome Reference Consortium Mouse Reference 38
braFlo2	Apr. 2008 (JGI v2.0/braFlo2)	Lancelet	Lancelet	Branchiostoma floridae	US DOE Joint Genome Institute v2.0
felCat4	Dec. 2008 (NHGRI/GTB V17e/felCat4)	Cat	Cat	Felis catus	NHGRI/Genome Technology Branch (NCBI project 10703, accession ACBE0100000)
bosTau5	Apr. 2009 (Baylor Btau_4.2/bosTau5)	Cow	Cow	Bos taurus	Baylor (NCBI project 10708, accession GCA_000000095.5)
hg19Patch2	Aug. 2009 (GRCh37.p2/hg19Patch2)	GRCh37.p2	GRCh37.p2	Homo sapiens	GRCh37 Patch 2 Genome Reference Consortium Human Reference 37 (GCA_000001405.1)
danRer7	Jul. 2010 (Zv9/danRer7)	Zebrafish	Zebrafish	Danio rerio	Wellcome Trust Sanger Institute Zv9 (GCA_000002035.2)
panTro3	Oct. 2010 (CGSC 2.1.3/panTro3)	Chimp	Chimp	Pan troglodytes	CGSC 2.1.3 (GCA_000001515.3)
oviAri1	Feb. 2010 (ISGC Ovis_aries_1.0/oviAri1)	Sheep	Sheep	Ovis aries	ISGC (NCBI project 10709, accession GCA_000005525.1)
anoCar2	May 2010 (Broad AnoCar2.0/anoCar2)	Lizard	Lizard	Anolis carolinensis	Broad Institute of MIT and Harvard AnoCar 2.0 (GCA_000090745.1)
hg19Patch5	Jun. 2011 (GRCh37.p5/hg19Patch5)	Grch37.p5	GRCh37.p5	Homo sapiens	GRCh37 Patch 5 Genome Reference Consortium Human Reference 37 (GCA_000001405.6)
sacCer3	Apr. 2011 (SacCer_Apr2011/sacCer3)	S. cerevisiae	S. cerevisiae	Saccharomyces cerevisiae	Saccharomyces cerevisiae S288c assembly from Saccharomyces Genome Database (GCA_000146055.2)
bosTau6	Nov. 2009 (Bos_taurus_UMD_3.1/bosTau6)	Cow	Cow	Bos taurus	UMD_3.1 (NCBI project 10708, accession GCA_000003055.3)
xenTro3	Nov. 2009 (JGI 4.2/xenTro3)	X. tropicalis	X. tropicalis	Xenopus tropicalis	US DOE Joint Genome Institute (JGI-PGF) (GCA_000004195.1)
melGal1	Dec. 2009 (TGC Turkey_2.01/melGal1)	Turkey	Turkey	Meleagris gallopavo	TGC (NCBI Project ID: 10805, Accession: GCA_000146605.1)
myoLuc2	Jul. 2010 (Broad Institute Myoluc2.0/myoLuc2)	Microbat	Microbat	Myotis lucifugus	Broad Institute (NCBI Project ID: 16951, Accession: GCA_000147115.1)
gorGor3	May 2011 (gorGor3.1/gorGor3)	Gorilla	Gorilla	Gorilla gorilla gorilla	Wellcome Trust Sanger Institute May 2011 (NCBI project 31265, GCA_000151905.1)
nomLeu1	Jan. 2010 (GGSC Nleu1.0/nomLeu1)	Gibbon	Gibbon	Nomascus leucogenys	GGSC (NCBI project 13975, accession GCA_000146795.1)
ce10	Oct. 2010 (WS220/ce10)	C. elegans	C. elegans	Caenorhabditis elegans	Washington University School of Medicine GSC and Sanger Institute WS220
macEug2	Sep. 2009 (TWGS Meug_1.1/macEug2)	Wallaby	Wallaby	Macropus eugenii	TWGS (NCBI Project ID: 12586, Accession: GCA_000004035.1)
mm10	Dec. 2011 (GRCm38/mm10)	Mouse	Mouse	Mus musculus	Genome Reference Consortium Mouse Build 38 (GCA_000001635.2)
fr3	Oct. 2011 (FUGU5/fr3)	Fugu	Fugu	Takifugu rubripes	Fugu Genome Sequencing Consortium - FUGU5 (NCBI project 1434, GCA_000180615.2)
hetGla1	Jul. 2011 (BGI HetGla_1.0/hetGla1)	Naked mole-rat	Naked mole-rat	Heterocephalus glaber	HetGla_1.0 (NCBI project 68323, accession GCA_000230455.1)
oreNil1	Jan. 2011 (Broad oreNil1.0/oreNil1)	Nile tilapia	Nile tilapia	Oreochromis niloticus	Broad Institute of MIT and Harvard Orenil1.0 (GCA_000188235.1)
gadMor1	May 2010 (Genofisk GadMor_May2010/gadMor1)	Atlantic cod	Atlantic cod	Gadus morhua	Genofisk GadMor_May2010 (GCA_000231765.1)
musDom2	22 Apr 2013 (Musca_domestica-2.0.2/musDom2)	M. domestica	M. domestica	Musca domestica	Glossina Genomes Consortium GCA_000371365.1
orcOrc1	Jan 2013 (Oorc_1.1/orcOrc1)	Killer whale	Killer whale	Orcinus orca	Marine mammals GCA_000331955.1
xenTro7	Sep. 2012 (JGI 7.0/xenTro7)	X. tropicalis	X. tropicalis	Xenopus tropicalis	US DOE Joint Genome Institute (JGI-PGF)
xipMac1	Jan 2012 (Xiphophorus_maculatus-4.4.2/xipMac1)	Southern platyfish	Southern platyfish	Xiphophorus maculatus	Washington University School of Medicine GCA_000241075.1
oryAfe1	May 2012 (OryAfe1.0/oryAfe1)	Aardvark	Aardvark	Orycteropus afer afer	Broad Institute GCA_000298275.1
hg19Patch10	Sep. 2012 (GRCh37.p10/hg19Patch10)	Grch37.p10	GRCh37.p10	Homo sapiens	GRCh37 Patch 10 Genome Reference Consortium Human Reference 37
zonAlb1	Apr 2013 (ASM38545v1/zonAlb1)	White-throated sparrow	White-throated sparrow	Zonotrichia albicollis	White-throated sparrow consortium GCA_000385455.1
latCha1	Aug. 2011 (Broad/latCha1)	Coelacanth	Coelacanth	Latimeria chalumnae	Broad LatCha1 (GCA_000225785.1)
eboVir3	Sierra Leone 2014 (G3683/KM034562.1/eboVir3)	Ebola virus	Ebola virus	Filoviridae ebolavirus	West Africa 01 June 2014 EBOV/G3683/KM034562.1
panHod1	May 2013 (PHO1.0/panHod1)	Tibetan antelope	Tibetan antelope	Pantholops hodgsonii	BGI GCA_000400835.1
pelSin1	Oct 2011 (PelSin_1.0/pelSin1)	Soft-shell Turtle	Chinese softshell turtle	Pelodiscus sinensis	Soft-shell Turtle Genome Consortium GCA_000230535.1
pseHum1	Jan 2013 (PseHum1.0/pseHum1)	Tibetan ground jay	Tibetan ground jay	Pseudopodoces humilis	Beijing Genomics Institute (BGI)-Shenzhen GCA_000331425.1
apiMel4	04 Nov 2010 (Amel_4.5/apiMel4)	A. mellifera	A. mellifera	Apis mellifera	Baylor College of Medicine 
calJac3	March 2009 (WUGSC 3.2/calJac3)	Marmoset	Marmoset	Callithrix jacchus	WUSTL 3.2 (GCA_000004665.1)
micMur1	Jul. 2007 (Broad/micMur1)	Mouse lemur	Mouse lemur	Microcebus murinus	Broad Institute micMur1 (NCBI project 19967, ABDC00000000)
petMar1	Mar. 2007 (WUGSC 3.0/petMar1)	Lamprey	Lamprey	Petromyzon marinus	WUSTL v.3.0 (March 2007)
droWil1	Feb. 2006 (TIGR CAF1/droWil1)	D. willistoni	D. willistoni	Drosophila willistoni	TIGR CAF1
dp4	Feb. 2006 (Baylor CAF1/dp4)	D. pseudoobscura	D. pseudoobscura	Drosophila pseudoobscura	Baylor CAF1
felCat3	Mar. 2006 (Broad/felCat3)	Cat	Cat	Felis catus	Broad Release 3
bosTau3	Aug. 2006 (Baylor 3.1/bosTau3)	Cow	Cow	Bos taurus	Baylor Release 3.1
equCab2	Sep. 2007 (Broad/equCab2)	Horse	Horse	Equus caballus	Broad Institute EquCab2
turTru1	Feb. 2008 (Broad/turTru1)	Dolphin	Dolphin	Tursiops truncatus	Broad Institute turTru1 (NCBI project 20367, ABRN01000000)
droEre2	Feb. 2006 (Agencourt CAF1/droEre2)	D. erecta	D. erecta	Drosophila erecta	Agencourt CAF1
macEug1	Nov. 2007 (Baylor 1.0/macEug1)	Wallaby	Wallaby	Macropus eugenii	Baylor Release 1.0
galGal2	Feb. 2004 (WUGSC 1.0/galGal2)	Chicken	Chicken	Gallus gallus	Chicken Genome Sequencing Consortium Feb. 2004 release
hg15	Apr. 2003 (NCBI33/hg15)	Human	Human	Homo sapiens	NCBI Build 33
fr1	Aug. 2002 (JGI 3.0/fr1)	Fugu	Fugu	Takifugu rubripes	JGI V3.0
droBip2	04 Mar 2013 (Dbip_2.0/droBip2)	D. bipectinata	D. bipectinata	Drosophila bipectinata	Baylor College of Medicine GCA_000236285.2
cb1	July 2002 (WormBase cb25.agp8/cb1)	C. briggsae	C. briggsae	Caenorhabditis briggsae	WormBase v. cb25.agp8
sacCer1	Oct. 2003 (SGD/sacCer1)	S. cerevisiae	S. cerevisiae	Saccharomyces cerevisiae	SGD sequence data as of 1 Oct. 2003
panTro1	Nov. 2003 (CGSC 1.1/panTro1)	Chimp	Chimp	Pan troglodytes	CGSC Build 1 Version 1 Arachne assembly
hg16	July 2003 (NCBI34/hg16)	Human	Human	Homo sapiens	NCBI Build 34
rn3	June 2003 (Baylor 3.1/rn3)	Rat	Rat	Rattus norvegicus	Baylor HGSC v. 3.1
dm1	Jan. 2003 (BDGP R3/dm1)	D. melanogaster	D. melanogaster	Drosophila melanogaster	BDGP v. 3
cavPor3	Feb. 2008 (Broad/cavPor3)	Guinea pig	Guinea pig	Cavia porcellus	Broad Institute cavPor3
mm6	Mar. 2005 (NCBI34/mm6)	Mouse	Mouse	Mus musculus	NCBI Build 34
ce2	Mar. 2004 (WS120/ce2)	C. elegans	C. elegans	Caenorhabditis elegans	WormBase v. WS120
danRer2	June 2004 (Zv4/danRer2)	Zebrafish	Zebrafish	Danio rerio	Sanger Centre, Danio rerio Sequencing Project Zv4
droEre1	Aug. 2005 (Agencourt prelim/droEre1)	D. erecta	D. erecta	Drosophila erecta	Agencourt 1 Aug 2005
monDom1	Oct. 2004 (Broad prelim/monDom1)	Opossum	Opossum	Monodelphis domestica	Broad Inst. Prelim Oct04
apiMel1	July 2004 (Baylor 1.2/apiMel1)	A. mellifera	A. mellifera	Apis mellifera	Baylor HGSC Amel_1.2
dp3	Nov. 2004 (FlyBase 1.03/dp3)	D. pseudoobscura	D. pseudoobscura	Drosophila pseudoobscura	FlyBase Release 1.03
droVir1	July 2004 (Agencourt prelim/droVir1)	D. virilis	D. virilis	Drosophila virilis	Agencourt 12 July 2004
droMoj1	Aug. 2004 (Agencourt prelim/droMoj1)	D. mojavensis	D. mojavensis	Drosophila mojavensis	Agencourt 11 Aug 2004
xenTro1	Oct. 2004 (JGI 3.0/xenTro1)	X. tropicalis	X. tropicalis	Xenopus tropicalis	JGI v3.0
droAna1	July 2004 (TIGR/droAna1)	D. ananassae	D. ananassae	Drosophila ananassae	TIGR 15 July 2004
dm2	Apr. 2004 (BDGP R4/dm2)	D. melanogaster	D. melanogaster	Drosophila melanogaster	BDGP v. 4 / DHGP v. 3.2
droBia2	04 Mar 2013 (Dbia_2.0/droBia2)	D. biarmipes	D. biarmipes	Drosophila biarmipes	Baylor College of Medicine GCA_000233415.2
hg17	May 2004 (NCBI35/hg17)	Human	Human	Homo sapiens	NCBI Build 35
droYak1	Apr. 2004 (WUGSC 1.0/droYak1)	D. yakuba	D. yakuba	Drosophila yakuba	WUSTL version 1.0
echTel1	July 2005 (Broad/echTel1)	Tenrec	Tenrec	Echinops telfairi	Broad July 2005
droGri1	Aug. 2005 (Agencourt prelim/droGri1)	D. grimshawi	D. grimshawi	Drosophila grimshawi	Agencourt 1 Aug 2005
anoGam1	Feb. 2003 (IAGEC MOZ2/anoGam1)	A. gambiae	A. gambiae	Anopheles gambiae	IAGEC v.MOZ2
danRer1	Nov. 2003 (Zv3/danRer1)	Zebrafish	Zebrafish	Danio rerio	Sanger Centre, Danio rerio Sequencing Project Zv3
ci1	Dec. 2002 (JGI 1.0/ci1)	C. intestinalis	C. intestinalis	Ciona intestinalis	JGI v1.0
droPse3	11 Apr 2013 (Dpse_3.0/droPse3)	D. pseudoobscura	D. pseudoobscura	Drosophila pseudoobscura pseudoobscura	Baylor College of Medicine GCA_000001765.2
canFam1	July 2004 (Broad/canFam1)	Dog	Dog	Canis lupus familiaris	Broad Institute v. 1.0
dp2	Aug. 2003 (Baylor freeze1/dp2)	D. pseudoobscura	D. pseudoobscura	Drosophila pseudoobscura	Baylor HGSC Freeze 1
tetNig1	Feb. 2004 (Genoscope 7/tetNig1)	Tetraodon	Tetraodon	Tetraodon nigroviridis	Genoscope and Broad Institute V7 (NCBI project 12350, CAAE01000000)
taeGut1	Jul. 2008 (WUGSC 3.2.4/taeGut1)	Zebra finch	Zebra finch	Taeniopygia guttata	Washington University taeGut1
apiMel2	Jan. 2005 (Baylor 2.0/apiMel2)	A. mellifera	A. mellifera	Apis mellifera	Baylor HGSC Amel_2.0
droMoj2	Aug. 2005 (Agencourt prelim/droMoj2)	D. mojavensis	D. mojavensis	Drosophila mojavensis	Agencourt 1 August 2005
droAna2	Aug. 2005 (Agencourt prelim/droAna2)	D. ananassae	D. ananassae	Drosophila ananassae	Agencourt 1 August 2005
bosTau2	Mar. 2005 (Baylor 2.0/bosTau2)	Cow	Cow	Bos taurus	Baylor Btau_2.0
ci2	Mar. 2005 (JGI 2.1/ci2)	C. intestinalis	C. intestinalis	Ciona intestinalis	JGI v2.0
bosTau1	Sep. 2004 (Baylor 1.0/bosTau1)	Cow	Cow	Bos taurus	Baylor v1.0
rheMac1	Jan. 2005 (Baylor Mmul_0.1/rheMac1)	Rhesus	Rhesus	Macaca mulatta	Baylor v0.1
tarSyr2	Sep. 2013 (Tarsius_syrichta-2.0.1/tarSyr2)	Tarsier	Tarsier	Tarsius syrichta	Washington University
caePb2	Feb. 2008 (WUGSC 6.0.1/caePb2)	C. brenneri	C. brenneri	Caenorhabditis brenneri	Washington University School of Medicine GSC Caenorhabditis brenneri (PB2801) 6.0.1
droSim1	Apr. 2005 (WUGSC mosaic 1.0/droSim1)	D. simulans	D. simulans	Drosophila simulans	WUSTL version 1.0
strPur1	Apr. 2005 (Baylor 1.1/strPur1)	S. purpuratus	S. purpuratus	Strongylocentrotus purpuratus	Baylor
canFam2	May 2005 (Broad/canFam2)	Dog	Dog	Canis lupus familiaris	Broad Institute v. 2.0
droEug2	04 Mar 2013 (Deug_2.0/droEug2)	D. eugracilis	D. eugracilis	Drosophila eugracilis	The modENCODE Project GCA_000236325.2
oryCun1	May 2005 (Broad/oryCun1)	Rabbit	Rabbit	Oryctolagus cuniculus	Broad May 2005
danRer3	May 2005 (Zv5/danRer3)	Zebrafish	Zebrafish	Danio rerio	Sanger Centre, Danio rerio Sequencing Project Zv5
dasNov1	May 2005 (Broad/dasNov1)	Armadillo	Armadillo	Dasypus novemcinctus	Broad May 2005
loxAfr1	May 2005 (Broad/loxAfr1)	Elephant	Elephant	Loxodonta africana	Broad May 2005
triCas1	Jan. 2005 (Baylor 1.0/triCas1)	T. castaneum	T. castaneum	Tribolium castaneum	Baylor
ce6	May 2008 (WS190/ce6)	C. elegans	C. elegans	Caenorhabditis elegans	Washington University School of Medicine GSC and Sanger Institute WS190
droVir2	Aug. 2005 (Agencourt prelim/droVir2)	D. virilis	D. virilis	Drosophila virilis	Agencourt 1 August 2005
monDom2	June 2005 (Broad V3 prelim/monDom2)	Opossum	Opossum	Monodelphis domestica	Broad Inst. V3 Prelim Jun05
mm7	Aug. 2005 (NCBI35/mm7)	Mouse	Mouse	Mus musculus	NCBI Build 35
droEle2	04 Mar 2013 (Dele_2.0/droEle2)	D. elegans	D. elegans	Drosophila elegans	Baylor College of Medicine GCA_000224195.2
bosTau4	Oct. 2007 (Baylor 4.0/bosTau4)	Cow	Cow	Bos taurus	Baylor Release 4.0
hg18	Mar. 2006 (NCBI36/hg18)	Human	Human	Homo sapiens	NCBI Build 36.1
monDom5	Oct. 2006 (Broad/monDom5)	Opossum	Opossum	Monodelphis domestica	Broad Institute monDom5 (NCBI project 12561, accession AAFR03000000)
rn4	Nov. 2004 (Baylor 3.4/rn4)	Rat	Rat	Rattus norvegicus	Baylor HGSC v. 3.4
danRer5	July 2007 (Zv7/danRer5)	Zebrafish	Zebrafish	Danio rerio	Wellcome Trust Sanger Institute, Zv7 assembly
droYak2	Nov. 2005 (WUGSC 7.1/droYak2)	D. yakuba	D. yakuba	Drosophila yakuba	WUSTL version 2.0
hg38Patch2	Dec. 2014	GRCh38.p2	GRCh38.p2	Homo sapiens	GRCh38 patch 2 Genome Reference Consortium Human Reference 38
triCas2	Sep. 2005 (Baylor 2.0/triCas2)	T. castaneum	T. castaneum	Tribolium castaneum	Baylor
droPer1	Oct. 2005 (Broad/droPer1)	D. persimilis	D. persimilis	Drosophila persimilis	Broad 28 Oct. 2005
droSec1	Oct. 2005 (Broad/droSec1)	D. sechellia	D. sechellia	Drosophila sechellia	Broad 28 Oct. 2005
droSuz1	30 Sep 2013 (Dsuzukii.v01/droSuz1)	D. suzukii	D. suzukii	Drosophila suzukii	BGI GCA_000472105.1
caeJap1	Mar. 2008 (WUGSC 3.0.2/caeJap1)	C. japonica	C. japonica	Caenorhabditis japonica	Washington University School of Medicine GSC C. remanei 3.0.2
rheMac2	Jan. 2006 (MGSC Merged 1.0/rheMac2)	Rhesus	Rhesus	Macaca mulatta	Venter Inst./Baylor/WashU Merged assembly Jan 2006 v1 edit4
choHof1	Jul. 2008 (Broad/choHof1)	Sloth	Sloth	Choloepus hoffmanni	Broad Institute choHof1
monDom4	Jan. 2006 (Broad/monDom4)	Opossum	Opossum	Monodelphis domestica	Broad Inst. monDom4 Jan06
panTro2	Mar. 2006 (CGSC 2.1/panTro2)	Chimp	Chimp	Pan troglodytes	Washington University Build 2 Version 1
mm8	Feb. 2006 (NCBI36/mm8)	Mouse	Mouse	Mus musculus	NCBI Build 36
danRer4	Mar. 2006 (Zv6/danRer4)	Zebrafish	Zebrafish	Danio rerio	Sanger Centre, Danio rerio Sequencing Project Zv6
xenTro2	Aug. 2005 (JGI 4.1/xenTro2)	X. tropicalis	X. tropicalis	Xenopus tropicalis	JGI v4.1
galGal3	May 2006 (WUGSC 2.1/galGal3)	Chicken	Chicken	Gallus gallus	Chicken Genome Sequencing Consortium May 2006 release
panPan1	May 2012 (Max-Planck/panPan1)	Bonobo	Bonobo	Pan paniscus	Max-Planck Institute panpan1 (GCA_000258665.1)
rhiRox1	Oct. 2014 (Rrox_v1/rhiRox1)	Golden snub-nosed monkey	Golden snub-nosed monkey	Rhinopithecus roxellana	Novogene
nasLar1	Nov. 2014 (Charlie1.0/nasLar1)	Proboscis monkey	Proboscis monkey	Nasalis larvatus	Proboscis Monkey Functional Genome Consortium
chlSab2	Mar. 2014 (Chlorocebus_sabeus 1.1/chlSab2)	Green monkey	Green monkey	Chlorocebus sabaeus	Vervet Genomics Consortium GCA_000409795.2
bosTau8	Jun. 2014 (Bos_taurus_UMD_3.1.1/bosTau8)	Cow	Cow	Bos taurus	University of Maryland Bos_taurus_UMD_3.1.1
droVir3	Feb. 2006 (Agencourt CAF1/droVir3)	D. virilis	D. virilis	Drosophila virilis	Agencourt CAF1
gasAcu1	Feb. 2006 (Broad/gasAcu1)	Stickleback	Stickleback	Gasterosteus aculeatus	Broad Institute gasAcu1 (1.0) (NCBI project 13579, AANH01000000)
droAna3	Feb. 2006 (Agencourt CAF1/droAna3)	D. ananassae	D. ananassae	Drosophila ananassae	Agencourt CAF1
dm3	Apr. 2006 (BDGP R5/dm3)	D. melanogaster	D. melanogaster	Drosophila melanogaster	BDGP Release 5
droMoj3	Feb. 2006 (Agencourt CAF1/droMoj3)	D. mojavensis	D. mojavensis	Drosophila mojavensis	Agencourt CAF1
droGri2	Feb. 2006 (Agencourt CAF1/droGri2)	D. grimshawi	D. grimshawi	Drosophila grimshawi	Agencourt CAF1
oryLat1	Apr. 2006 (NIG/UT MEDAKA1/oryLat1)	Medaka	Medaka	Oryzias latipes	MEDAKA1
otoGar1	Dec. 2006 (Broad/otoGar1)	Bushbaby	Bushbaby	Otolemur garnettii	Broad version 1 (NCBI project 16955, AAQR00000000)
ornAna1	Mar. 2007 (WUGSC 5.0.1/ornAna1)	Platypus	Platypus	Ornithorhynchus anatinus	WUSTL version 5.0.1
tupBel1	Dec. 2006 (Broad/tupBel1)	Tree shrew	Tree shrew	Tupaia belangeri	Broad Institute tupBel1 (NCBI project 13971, AAPY01000000)
fr2	Oct. 2004 (JGI 4.0/fr2)	Fugu	Fugu	Takifugu rubripes	JGI V4.0
braFlo1	Mar. 2006 (JGI 1.0/braFlo1)	Lancelet	Lancelet	Branchiostoma floridae	JGI v.1.0 (March 2006)
equCab1	Jan. 2007 (Broad/equCab1)	Horse	Horse	Equus caballus	Broad Institute equCab1 (1.0)
anoCar1	Feb. 2007 (Broad/anoCar1)	Lizard	Lizard	Anolis carolinensis	Broad Institute AnoCar (1.0)
caePb1	Jan. 2007 (WUGSC 4.0/caePb1)	C. brenneri	C. brenneri	Caenorhabditis brenneri	Washington University School of Medicine GSC Caenorhabditis n. sp. PB2801
priPac1	Feb. 2007 (WUGSC 5.0/priPac1)	P. pacificus	P. pacificus	Pristionchus pacificus	Washington University School of Medicine GSC Pristionchus pacificus 5.0
ce4	Jan. 2007 (WS170/ce4)	C. elegans	C. elegans	Caenorhabditis elegans	Washington University School of Medicine GSC and Sanger Institute WS170
cb3	Jan. 2007 (WUGSC 1.0/cb3)	C. briggsae	C. briggsae	Caenorhabditis briggsae	Washington University School of Medicine GSC and Sanger Institute cb3
strPur2	Sep. 2006 (Baylor 2.1/strPur2)	S. purpuratus	S. purpuratus	Strongylocentrotus purpuratus	Baylor release 3 Spur 2.1
sorAra1	June 2006 (Broad/sorAra1)	Shrew	Shrew	Sorex araneus	Broad Institute sorAra1 (Draft_v2)
caeRem2	Mar. 2006 (WUGSC 1.0/caeRem2)	C. remanei	C. remanei	Caenorhabditis remanei	Washington University School of Medicine GSC C. remanei 1.0
cavPor2	Oct. 2005 (Broad/cavPor2)	Guinea pig	Guinea pig	Cavia porcellus	Broad Institute cavPor2 (Draft_v2)
vicPac1	Jul. 2008 (Broad/vicPac1)	Alpaca	Alpaca	Vicugna pacos	Broad Institute vicPac1
gorGor1	Oct. 2008 (Sanger 0.1/gorGor1)	Gorilla	Gorilla	Gorilla gorilla gorilla	Sanger Institute Oct 2008 (NCBI project 31265, CABD01000000)
tarSyr1	Aug. 2008 (Broad/tarSyr1)	Tarsier	Tarsier	Tarsius syrichta	Broad Institute tarSyr1 (NCBI project 20335, ABRT000000000)
ponAbe2	July 2007 (WUGSC 2.0.2/ponAbe2)	Orangutan	Orangutan	Pongo pygmaeus abelii	WUSTL 3.0
calJac1	June 2007 (WUGSC 2.0.2/calJac1)	Marmoset	Marmoset	Callithrix jacchus	WUSTL 2.0.2
eriEur1	June 2006 (Broad/eriEur1)	Hedgehog	Hedgehog	Erinaceus europaeus	Broad Institute eriEur1 (Draft_v1, NCBI project 12575)
mm9	July 2007 (NCBI37/mm9)	Mouse	Mouse	Mus musculus	NCBI Build 37
caeRem3	May 2007 (WUGSC 15.0.1/caeRem3)	C. remanei	C. remanei	Caenorhabditis remanei	Washington University School of Medicine GSC C. remanei 15.0.1
pteVam1	Jul. 2008 (Broad/pteVam1)	Megabat	Megabat	Pteropus vampyrus	Broad Institute pteVam1 (NCBI project 20325, ABRP01000000)
apiMel3	May 2005 (Baylor 3.0/apiMel3)	A. mellifera	A. mellifera	Apis mellifera	Baylor HGSC Amel_3.0
dipOrd1	Jul. 2008 (Broad/dipOrd1)	Kangaroo rat	Kangaroo rat	Dipodomys ordii	Broad Institute dipOrd1 (NCBI project 20385, ABRO01000000)
proCap1	Jul. 2008 (Broad/proCap1)	Rock hyrax	Rock hyrax	Procavia capensis	Broad Institute proCap1 (NCBI project 13972, ABRQ01000000)
ochPri2	Jul. 2008 (Broad/ochPri2)	Pika	Pika	Ochotona princeps	Broad Institute ochPri2
myoLuc1	Mar. 2006 (Broad/myoLuc1)	Microbat	Microbat	Myotis lucifugus	Broad Institute myoLuc1
droAlb1	21 May 2012 (DroAlb_1.0/droAlb1)	D. albomicans	D. albomicans	Drosophila albomicans	Kunming Institute of Zoology, Chinese Academy of Sciences GCA_000298335.1
loxAfr2	Jul. 2008 (Broad/loxAfr2)	Elephant	Elephant	Loxodonta africana	Broad Institute loxAfr2 (NCBI project 12569, AAGU02000000)
dasNov2	Jul. 2008 (Broad/dasNov2)	Armadillo	Armadillo	Dasypus novemcinctus	Broad Institute dasNov2 (NCBI project 12594, AAGV020000000)
speTri1	Feb. 2008 (Broad/speTri1)	Squirrel	Squirrel	Spermophilus tridecemlineatus	Broad Institute speTri1
oryLat2	Oct. 2005 (NIG/UT MEDAKA1/oryLat2)	Medaka	Medaka	Oryzias latipes	NIG and Tokyo Univ MEDAKA1 (NCBI project 16702, BAAF04000000)
sacCer2	June 2008 (SGD/sacCer2)	S. cerevisiae	S. cerevisiae	Saccharomyces cerevisiae	SGD June 2008
hg19	Feb. 2009 (GRCh37/hg19)	Human	Human	Homo sapiens	GRCh37 Genome Reference Consortium Human Reference 37 (GCA_000001405.1)
aplCal1	Sept. 2008 (Broad 2.0/aplCal1)	Sea hare	Sea hare	Aplysia californica	Broad v. Aplcal2.0
papHam1	Nov. 2008 (Baylor Pham_1.0/papHam1)	Baboon	Baboon	Papio hamadryas	Baylor BCM HGSC Pham_1.0
petMar2	Sep. 2010 (WUGSC 7.0/petMar2)	Lamprey	Lamprey	Petromyzon marinus	GSC Washington University School of Medicine
danRer6	Dec. 2008 (Zv8/danRer6)	Zebrafish	Zebrafish	Danio rerio	Wellcome Trust Sanger Institute, Zv8 assembly (CAAK00000000.5)
loxAfr3	Jul. 2009 (Broad/loxAfr3)	Elephant	Elephant	Loxodonta africana	Broad Institute loxAfr3 (NCBI project 12569, AAGU03000000)
droTak2	04 Mar 2013 (Dtak_2.0/droTak2)	D. takahashii	D. takahashii	Drosophila takahashii	Baylor College of Medicine GCA_000224235.2
droKik2	04 Mar 2013 (Dkik_2.0/droKik2)	D. kikkawai	D. kikkawai	Drosophila kikkawai	Baylor College of Medicine GCA_000224215.2
droYak3	27 Jun 2006 (dyak_caf1/droYak3)	D. yakuba	D. yakuba	Drosophila yakuba	FlyBase GCA_000005975.1
droWil2	03 Aug 2006 (dwil_caf1/droWil2)	D. willistoni	D. willistoni	Drosophila willistoni	J. Craig Venter Institute GCA_000005925.1
droMir2	19 Apr 2013 (DroMir_2.2/droMir2)	D. miranda	D. miranda	Drosophila miranda	University of California, Berkeley GCA_000269505.2
droFic2	04 Mar 2013 (Dfic_2.0/droFic2)	D. ficusphila	D. ficusphila	Drosophila ficusphila	Baylor College of Medicine GCA_000220665.2
droRho2	22 Feb 2013 (Drho_2.0/droRho2)	D. rhopaloa	D. rhopaloa	Drosophila rhopaloa	The modENCODE Project GCA_000236305.2
tetNig2	Mar. 2007 (Genoscope 8.0/tetNig2)	Tetraodon	Tetraodon	Tetraodon nigroviridis	Genoscope Tetraodon v8.0 (NCBI project 12350, CAAE01000000)
oryCun2	Apr. 2009 (Broad/oryCun2)	Rabbit	Rabbit	Oryctolagus cuniculus	Broad Institute oryCun2 (NCBI project 12819, AAGW00000000)
bosTauMd3	Aug. 2009 (UMD 3.0/bosTauMd3)	Cow	Cow	Bos Taurus	Univ. Maryland Release 3.0
ailMel1	Dec. 2009 (BGI-Shenzhen 1.0/ailMel1)	Panda	Panda	Ailuropoda melanoleuca	BGI-Shenzhen AilMel 1.0 Dec. 2009
danRer10	Sep. 2014 (GRCz10/danRer10)	Zebrafish	Zebrafish	Danio rerio	Genome Reference Consortium Zebrafish Build 10
susScr2	Nov. 2009 (SGSC Sscrofa9.2/susScr2)	Pig	Pig	Sus scrofa	SGSC Sscrofa9.2 (NCBI project 10718, GCA_000003025.2)
